id,algo_name,score,runningtime
1,ails2_eoh_acc,2962796.0,202.21422729492187
2,ails2_eoh_omega2,2962795.0,220.80522729492188
3,ails2_etaMax0.010_stoppingTime172800.00,2962792.0,233.31022729492187
4,ails2_eoh_acc_large,2962795.0,236.39022729492189
5,ails2_etaMax0.020_stoppingTime86400.00,2962737.0,244.24522729492188
6,ails2_etaMax0.005_stoppingTime86400.00,2962789.0,258.0852272949219
7,ails2_eoh_acc,2960822.0,262.52822729492186
8,ails2_eoh_omega2,2960941.0,281.5532272949219
9,ails2_etaMax0.010_stoppingTime172800.00,2961905.0,293.07422729492185
10,ails2_eoh_acc_large,2961690.0,296.01622729492186
11,ails2_etaMax0.020_stoppingTime86400.00,2961631.0,304.3272272949219
12,ails2_etaMax0.005_stoppingTime86400.00,2961976.0,318.6642272949219
13,ails2_eoh_acc,2960555.0,322.8082272949219
14,ails2_eoh_omega2,2960604.0,342.4522272949219
15,ails2_etaMax0.010_stoppingTime172800.00,2961386.0,354.32422729492185
16,ails2_eoh_acc_large,2961041.0,357.5032272949219
17,ails2_etaMax0.020_stoppingTime86400.00,2961412.0,341.1572272949219
18,ails2_etaMax0.005_stoppingTime86400.00,2961552.0,379.26822729492187
19,ails2_eoh_acc,2960360.0,382.58122729492186
20,ails2_eoh_omega2,2960425.0,403.2652272949219
21,ails2_etaMax0.010_stoppingTime172800.00,2960983.0,415.12922729492186
22,ails2_eoh_acc_large,2960929.0,417.80922729492187
23,ails2_etaMax0.020_stoppingTime86400.00,2961260.0,388.5802272949219
24,ails2_etaMax0.005_stoppingTime86400.00,2961148.0,440.1132272949219
25,ails2_eoh_acc,2960237.0,444.22822729492185
26,ails2_eoh_omega2,2960316.0,446.00622729492187
27,ails2_etaMax0.010_stoppingTime172800.00,2960833.0,475.1492272949219
28,ails2_eoh_acc_large,2960853.0,472.6092272949219
29,ails2_etaMax0.020_stoppingTime86400.00,2960938.0,484.7602272949219
30,ails2_etaMax0.005_stoppingTime86400.00,2960953.0,501.2672272949219
31,ails2_eoh_acc,2960185.0,499.9412272949219
32,ails2_eoh_omega2,2960198.0,510.0032272949219
33,ails2_etaMax0.010_stoppingTime172800.00,2960730.0,534.4262272949219
34,ails2_eoh_acc_large,2960706.0,538.7582272949219
35,ails2_etaMax0.020_stoppingTime86400.00,2960865.0,539.9562272949219
36,ails2_etaMax0.005_stoppingTime86400.00,2960763.0,560.2742272949218
37,ails2_eoh_acc,2960147.0,567.4132272949219
38,ails2_eoh_omega2,2960147.0,585.7182272949219
39,ails2_etaMax0.010_stoppingTime172800.00,2960622.0,594.7072272949218
40,ails2_eoh_acc_large,2960621.0,600.2872272949219
41,ails2_etaMax0.020_stoppingTime86400.00,2960822.0,567.8282272949219
42,ails2_eoh_acc,2960073.0,628.6042272949219
43,ails2_etaMax0.005_stoppingTime86400.00,2960762.0,641.7152272949219
44,ails2_eoh_omega2,2960032.0,644.6012272949218
45,ails2_etaMax0.010_stoppingTime172800.00,2960540.0,653.9242272949218
46,ails2_eoh_acc_large,2960552.0,661.6272272949219
47,ails2_etaMax0.020_stoppingTime86400.00,2960797.0,670.5732272949218
48,ails2_eoh_acc,2960050.0,662.3382272949219
49,ails2_etaMax0.005_stoppingTime86400.00,2960698.0,702.5942272949219
50,ails2_eoh_omega2,2960002.0,702.1442272949218
51,ails2_etaMax0.010_stoppingTime172800.00,2960451.0,720.0012272949218
52,ails2_eoh_acc_large,2960461.0,718.1722272949219
53,ails2_etaMax0.020_stoppingTime86400.00,2960572.0,721.3002272949219
54,ails2_eoh_acc,2960035.0,726.7512272949218
55,ails2_etaMax0.005_stoppingTime86400.00,2960619.0,762.8952272949218
56,ails2_eoh_omega2,2959994.0,737.6022272949219
57,ails2_etaMax0.010_stoppingTime172800.00,2960432.0,724.5222272949219
58,ails2_eoh_acc_large,2960416.0,783.8282272949219
59,ails2_etaMax0.020_stoppingTime86400.00,2960553.0,784.8792272949219
60,ails2_eoh_acc,2959992.0,806.2962272949219
61,ails2_eoh_omega2,2959987.0,809.2012272949219
62,ails2_etaMax0.005_stoppingTime86400.00,2960618.0,839.4802272949219
63,ails2_eoh_acc_large,2960394.0,845.0062272949219
64,ails2_etaMax0.020_stoppingTime86400.00,2960432.0,846.0742272949219
65,ails2_eoh_acc,2959986.0,855.6892272949219
66,ails2_eoh_omega2,2959985.0,856.1102272949219
67,ails2_etaMax0.005_stoppingTime86400.00,2960545.0,898.2792272949218
68,ails2_eoh_acc_large,2960385.0,902.9672272949218
69,ails2_etaMax0.020_stoppingTime86400.00,2960360.0,913.2802272949219
70,ails2_eoh_acc,2959953.0,922.7202272949219
71,ails2_eoh_omega2,2959966.0,928.7382272949219
72,ails2_etaMax0.005_stoppingTime86400.00,2960535.0,924.1592272949218
73,ails2_eoh_acc_large,2960377.0,961.3982272949219
74,ails2_etaMax0.020_stoppingTime86400.00,2960280.0,962.7562272949219
75,ails2_eoh_acc,2959924.0,974.8012272949219
76,ails2_etaMax0.005_stoppingTime86400.00,2960516.0,987.5602272949219
77,ails2_eoh_acc_large,2960352.0,1015.5552272949219
78,ails2_etaMax0.020_stoppingTime86400.00,2960265.0,982.6432272949219
79,ails2_eoh_omega2,2959964.0,1038.1942272949218
80,ails2_eoh_acc,2959893.0,1049.690227294922
81,ails2_etaMax0.005_stoppingTime86400.00,2960507.0,1071.4612272949219
82,ails2_eoh_acc_large,2960334.0,1077.776227294922
83,ails2_etaMax0.020_stoppingTime86400.00,2960255.0,1057.0192272949218
84,ails2_eoh_omega2,2959927.0,1071.689227294922
85,ails2_eoh_acc,2959881.0,1097.7992272949218
86,ails2_etaMax0.010_stoppingTime172800.00,2960430.0,1142.582227294922
87,ails2_etaMax0.005_stoppingTime86400.00,2960504.0,1119.9262272949218
88,ails2_eoh_acc_large,2960286.0,1148.274227294922
89,ails2_etaMax0.020_stoppingTime86400.00,2960221.0,1157.0222272949218
90,ails2_eoh_omega2,2959914.0,1144.8162272949219
91,ails2_eoh_acc,2959864.0,1168.8002272949218
92,ails2_etaMax0.010_stoppingTime172800.00,2960293.0,1194.389227294922
93,ails2_etaMax0.005_stoppingTime86400.00,2960497.0,1203.6062272949218
94,ails2_eoh_acc_large,2960277.0,1205.448227294922
95,ails2_etaMax0.020_stoppingTime86400.00,2960181.0,1194.266227294922
96,ails2_eoh_omega2,2959908.0,1207.286227294922
97,ails2_eoh_acc,2959841.0,1209.6252272949218
98,ails2_etaMax0.010_stoppingTime172800.00,2960258.0,1261.1182272949218
99,ails2_etaMax0.005_stoppingTime86400.00,2960459.0,1261.7222272949218
100,ails2_eoh_acc_large,2960249.0,1272.187227294922
101,ails2_etaMax0.020_stoppingTime86400.00,2960161.0,1233.363227294922
102,ails2_eoh_omega2,2959841.0,1272.6082272949218
103,ails2_eoh_acc,2959839.0,1309.8862272949218
104,ails2_etaMax0.010_stoppingTime172800.00,2960201.0,1295.199227294922
105,ails2_etaMax0.005_stoppingTime86400.00,2960385.0,1325.4152272949218
106,ails2_eoh_acc_large,2960198.0,1326.719227294922
107,ails2_eoh_acc,2959817.0,1360.533227294922
108,ails2_etaMax0.005_stoppingTime86400.00,2960346.0,1365.8482272949218
109,ails2_etaMax0.020_stoppingTime86400.00,2960155.0,1393.456227294922
110,ails2_eoh_acc_large,2960189.0,1354.369227294922
111,ails2_etaMax0.010_stoppingTime172800.00,2960198.0,1428.9522272949218
112,ails2_eoh_acc,2959816.0,1418.9442272949218
113,ails2_etaMax0.020_stoppingTime86400.00,2960154.0,1393.563227294922
114,ails2_eoh_acc_large,2960184.0,1455.3262272949219
115,ails2_etaMax0.005_stoppingTime86400.00,2960339.0,1457.5032272949218
116,ails2_etaMax0.010_stoppingTime172800.00,2960164.0,1477.8682272949218
117,ails2_eoh_acc,2959812.0,1477.350227294922
118,ails2_eoh_acc_large,2960172.0,1510.880227294922
119,ails2_etaMax0.005_stoppingTime86400.00,2960299.0,1464.284227294922
120,ails2_eoh_omega2,2959839.0,1518.351227294922
121,ails2_etaMax0.010_stoppingTime172800.00,2960159.0,1529.488227294922
122,ails2_eoh_acc,2959809.0,1550.5012272949218
123,filo2,2962800.0,1554.7650005817413
124,ails2_eoh_acc_large,2960159.0,1572.642227294922
125,ails2_eoh_omega2,2959811.0,1524.478227294922
126,ails2_etaMax0.005_stoppingTime86400.00,2960242.0,1558.2702272949218
127,ails2_etaMax0.010_stoppingTime172800.00,2960157.0,1553.196227294922
128,ails2_eoh_acc,2959799.0,1602.6092272949218
129,ails2_eoh_acc_large,2960143.0,1620.199227294922
130,ails2_etaMax0.005_stoppingTime86400.00,2960188.0,1621.380227294922
131,ails2_eoh_acc,2959794.0,1619.9052272949218
132,ails2_eoh_acc_large,2960128.0,1681.603227294922
133,ails2_etaMax0.005_stoppingTime86400.00,2960168.0,1677.929227294922
134,ails2_eoh_acc,2959791.0,1690.1272272949218
135,ails2_eoh_acc_large,2960124.0,1754.1142272949219
136,ails2_etaMax0.005_stoppingTime86400.00,2960154.0,1711.8272272949218
137,ails2_eoh_acc,2959784.0,1795.3372272949218
138,ails2_eoh_acc_large,2960121.0,1806.594227294922
139,ails2_eoh_acc,2959780.0,1815.122227294922
140,ails2_etaMax0.005_stoppingTime86400.00,2960152.0,1879.8472272949218
141,ails2_eoh_acc_large,2960120.0,1878.3002272949218
142,ails2_eoh_omega2,2959809.0,1901.1812272949219
143,ails2_eoh_acc,2959778.0,1887.498227294922
144,ails2_etaMax0.005_stoppingTime86400.00,2960145.0,1906.352227294922
145,ails2_eoh_omega2,2959799.0,1903.5772272949218
146,ails2_eoh_acc_large,2960116.0,1980.0112272949218
147,ails2_eoh_acc,2959757.0,1975.0272272949219
148,ails2_eoh_acc_large,2960108.0,2038.715227294922
149,ails2_eoh_acc,2959736.0,2017.967227294922
150,ails2_eoh_acc_large,2960091.0,2093.673227294922
151,ails2_eoh_acc,2959729.0,2089.791227294922
152,ails2_eoh_omega2,2959796.0,2109.5532272949217
153,ails2_eoh_acc_large,2960079.0,2162.3812272949217
154,ails2_eoh_acc,2959718.0,2162.947227294922
155,ails2_eoh_omega2,2959785.0,2143.298227294922
156,ails2_eoh_acc_large,2960058.0,2208.874227294922
157,ails2_eoh_acc,2959717.0,2207.909227294922
158,ails2_eoh_omega2,2959750.0,2201.7362272949217
159,ails2_eoh_acc_large,2960051.0,2253.6782272949217
160,ails2_eoh_acc,2959693.0,2283.473227294922
161,ails2_eoh_acc_large,2960047.0,2337.1872272949217
162,ails2_eoh_acc,2959681.0,2333.636227294922
163,ails2_etaMax0.020_stoppingTime86400.00,2960153.0,2372.174227294922
164,ails2_etaMax0.010_stoppingTime172800.00,2960151.0,2399.8412272949217
165,ails2_eoh_acc_large,2960044.0,2396.3252272949217
166,ails2_etaMax0.020_stoppingTime86400.00,2960149.0,2385.6022272949217
167,ails2_eoh_omega2,2959749.0,2453.737227294922
168,ails2_etaMax0.005_stoppingTime86400.00,2960143.0,2481.357227294922
169,ails2_etaMax0.020_stoppingTime86400.00,2960115.0,2454.7292272949217
170,ails2_eoh_omega2,2959743.0,2511.947227294922
171,ails2_etaMax0.005_stoppingTime86400.00,2960115.0,2534.1422272949217
172,ails2_eoh_omega2,2959719.0,2567.7002272949217
173,ails2_etaMax0.005_stoppingTime86400.00,2960114.0,2603.559227294922
174,ails2_eoh_acc_large,2960043.0,2605.208227294922
175,ails2_eoh_acc,2959679.0,2612.586227294922
176,ails2_eoh_omega2,2959718.0,2637.465227294922
177,ails2_etaMax0.005_stoppingTime86400.00,2960103.0,2624.952227294922
178,ails2_eoh_acc_large,2960040.0,2646.576227294922
179,ails2_eoh_acc,2959677.0,2641.5062272949217
180,ails2_etaMax0.010_stoppingTime172800.00,2960149.0,2678.1002272949218
181,ails2_eoh_omega2,2959676.0,2695.1042272949217
182,ails2_etaMax0.005_stoppingTime86400.00,2960097.0,2676.7652272949217
183,ails2_eoh_acc,2959672.0,2714.534227294922
184,ails2_etaMax0.010_stoppingTime172800.00,2960116.0,2704.874227294922
185,ails2_eoh_acc_large,2960018.0,2766.6672272949218
186,ails2_etaMax0.005_stoppingTime86400.00,2960082.0,2777.576227294922
187,ails2_eoh_acc,2959669.0,2794.0552272949217
188,ails2_etaMax0.010_stoppingTime172800.00,2960095.0,2797.8882272949218
189,ails2_etaMax0.020_stoppingTime86400.00,2960111.0,2817.9572272949217
190,ails2_eoh_acc_large,2959990.0,2823.788227294922
191,ails2_etaMax0.005_stoppingTime86400.00,2960050.0,2838.839227294922
192,ails2_eoh_acc,2959659.0,2848.235227294922
193,ails2_etaMax0.010_stoppingTime172800.00,2960073.0,2816.989227294922
194,ails2_etaMax0.020_stoppingTime86400.00,2960099.0,2823.0802272949218
195,ails2_eoh_acc_large,2959983.0,2869.165227294922
196,ails2_etaMax0.005_stoppingTime86400.00,2960047.0,2860.070227294922
197,ails2_eoh_acc,2959657.0,2868.028227294922
198,ails2_eoh_acc_large,2959974.0,2912.693227294922
199,ails2_etaMax0.005_stoppingTime86400.00,2960046.0,3000.347227294922
200,ails2_eoh_acc_large,2959962.0,3004.9792272949217
201,ails2_eoh_acc,2959656.0,3014.891227294922
202,ails2_etaMax0.005_stoppingTime86400.00,2960018.0,3014.268227294922
203,ails2_eoh_acc_large,2959949.0,3068.339227294922
204,ails2_eoh_acc,2959650.0,3059.619227294922
205,ails2_eoh_acc_large,2959947.0,3083.202227294922
206,ails2_eoh_acc,2959649.0,3132.904227294922
207,ails2_eoh_acc_large,2959946.0,3166.746227294922
208,ails2_eoh_acc,2959648.0,3191.293227294922
209,ails2_eoh_acc,2959645.0,3216.051227294922
210,ails2_etaMax0.020_stoppingTime86400.00,2960093.0,3272.085227294922
211,ails2_etaMax0.005_stoppingTime86400.00,2960017.0,3307.674227294922
212,ails2_eoh_acc,2959641.0,3301.7742272949217
213,ails2_etaMax0.020_stoppingTime86400.00,2960070.0,3310.0712272949218
214,ails2_eoh_omega2,2959671.0,3340.3142272949217
215,ails2_eoh_acc,2959639.0,3377.682227294922
216,ails2_etaMax0.005_stoppingTime86400.00,2960015.0,3391.2472272949217
217,ails2_etaMax0.020_stoppingTime86400.00,2960034.0,3388.496227294922
218,ails2_eoh_acc_large,2959942.0,3418.4482272949217
219,ails2_etaMax0.005_stoppingTime86400.00,2960002.0,3400.875227294922
220,ails2_eoh_omega2,2959670.0,3456.481227294922
221,ails2_eoh_acc_large,2959937.0,3441.693227294922
222,ails2_eoh_omega2,2959662.0,3461.926227294922
223,ails2_eoh_acc_large,2959916.0,3533.2962272949217
224,ails2_eoh_acc_large,2959915.0,3582.3412272949217
225,ails2_eoh_omega2,2959661.0,3625.788227294922
226,ails2_etaMax0.010_stoppingTime172800.00,2960072.0,3658.362227294922
227,ails2_eoh_omega2,2959633.0,3680.682227294922
228,ails2_etaMax0.010_stoppingTime172800.00,2960034.0,3693.7272272949217
229,ails2_eoh_acc,2959636.0,3720.808227294922
230,ails2_eoh_omega2,2959625.0,3724.272227294922
231,ails2_etaMax0.020_stoppingTime86400.00,2959624.0,3763.094227294922
232,ails2_etaMax0.020_stoppingTime86400.00,2959619.0,3763.320227294922
233,ails2_eoh_omega2,2959623.0,3827.8212272949218
234,ails2_eoh_omega2,2959598.0,3839.2652272949217
235,ails2_eoh_acc,2959635.0,3889.0822272949217
236,ails2_eoh_acc,2959629.0,3940.838227294922
237,ails2_eoh_omega2,2959596.0,3967.3722272949217
238,ails2_eoh_acc,2959627.0,3968.347227294922
239,ails2_eoh_omega2,2959567.0,4026.420227294922
240,ails2_eoh_acc,2959626.0,4085.685227294922
241,ails2_eoh_omega2,2959543.0,4065.2252272949218
242,ails2_eoh_acc_large,2959623.0,4090.290227294922
243,ails2_etaMax0.010_stoppingTime172800.00,2960033.0,4141.624227294922
244,ails2_eoh_acc_large,2959622.0,4098.561227294922
245,ails2_etaMax0.010_stoppingTime172800.00,2960021.0,4149.489227294922
246,ails2_eoh_acc_large,2959618.0,4194.029227294922
247,ails2_eoh_omega2,2959542.0,4213.950227294922
248,ails2_etaMax0.010_stoppingTime172800.00,2960016.0,4264.874227294922
249,ails2_eoh_acc_large,2959615.0,4228.714227294922
250,ails2_eoh_omega2,2959530.0,4223.709227294922
251,ails2_eoh_acc,2959624.0,4297.184227294922
252,ails2_etaMax0.010_stoppingTime172800.00,2959952.0,4323.018227294922
253,ails2_eoh_acc_large,2959596.0,4310.6572272949215
254,ails2_eoh_acc,2959620.0,4346.708227294922
255,ails2_eoh_omega2,2959528.0,4370.158227294922
256,ails2_eoh_acc_large,2959585.0,4379.309227294922
257,ails2_eoh_acc,2959617.0,4366.258227294922
258,HGS-TV,2959482.0,4430.907970190048
259,ails2_eoh_acc_large,2959573.0,4452.771227294922
260,ails2_eoh_acc,2959608.0,4463.859227294922
261,ails2_eoh_acc_large,2959569.0,4551.654227294922
262,ails2_eoh_acc_large,2959557.0,4607.565227294922
263,ails2_etaMax0.010_stoppingTime172800.00,2959950.0,4672.897227294922
264,ails2_eoh_acc_large,2959551.0,4642.0542272949215
265,ails2_etaMax0.010_stoppingTime172800.00,2959945.0,4673.604227294922
266,ails2_eoh_acc_large,2959543.0,4720.033227294922
267,ails2_eoh_omega2,2959527.0,4743.776227294922
268,ails2_eoh_acc,2959599.0,4783.243227294922
269,ails2_eoh_acc_large,2959540.0,4766.184227294922
270,ails2_eoh_omega2,2959514.0,4752.743227294922
271,ails2_eoh_acc_large,2959536.0,4839.571227294922
272,ails2_eoh_acc_large,2959535.0,4907.174227294922
273,ails2_eoh_acc_large,2959522.0,4954.780227294922
274,ails2_eoh_acc_large,2959512.0,5020.361227294922
275,ails2_eoh_acc_large,2959507.0,5100.026227294922
276,ails2_eoh_acc,2959598.0,5153.973227294922
277,ails2_etaMax0.010_stoppingTime172800.00,2959943.0,5208.735227294922
278,ails2_eoh_acc,2959597.0,5204.724227294922
279,ails2_etaMax0.010_stoppingTime172800.00,2959934.0,5209.158227294922
280,ails2_etaMax0.010_stoppingTime172800.00,2959901.0,5313.721227294922
281,ails2_eoh_acc_large,2959502.0,5345.605227294922
282,ails2_eoh_acc_large,2959500.0,5386.997227294922
283,ails2_eoh_acc,2959588.0,5434.985227294922
284,ails2_eoh_acc_large,2959498.0,5425.807227294922
285,ails2_eoh_acc_large,2959497.0,5550.483227294922
286,ails2_eoh_omega2,2959513.0,5710.793227294922
287,ails2_eoh_acc,2959587.0,5726.540227294922
288,ails2_eoh_omega2,2959490.0,5717.586227294922
289,ails2_eoh_acc,2959586.0,5762.281227294922
290,ails2_etaMax0.010_stoppingTime172800.00,2959898.0,5831.0722272949215
291,ails2_eoh_omega2,2959481.0,5811.095227294922
292,ails2_eoh_acc_large,2959496.0,5850.814227294922
293,ails2_etaMax0.010_stoppingTime172800.00,2959890.0,5875.833227294922
294,ails2_eoh_acc_large,2959492.0,5889.752227294922
295,ails2_eoh_acc,2959581.0,5960.040227294922
296,ails2_eoh_acc_large,2959491.0,5912.491227294922
297,ails2_eoh_omega2,2959480.0,5982.732227294922
298,ails2_eoh_acc_large,2959490.0,6218.776227294922
299,ails2_eoh_acc,2959579.0,6285.874227294922
300,ails2_eoh_acc,2959565.0,6295.299227294922
301,ails2_etaMax0.010_stoppingTime172800.00,2959889.0,6487.3892272949215
302,ails2_etaMax0.010_stoppingTime172800.00,2959881.0,6493.2552272949215
303,ails2_etaMax0.010_stoppingTime172800.00,2959878.0,6670.936227294922
304,ails2_eoh_acc,2959564.0,6682.663227294922
305,ails2_eoh_omega2,2959479.0,6700.8892272949215
306,ails2_etaMax0.010_stoppingTime172800.00,2959873.0,6673.259227294922
307,ails2_eoh_acc,2959562.0,6707.328227294922
308,ails2_eoh_acc_large,2959488.0,6753.076227294922
309,ails2_eoh_omega2,2959460.0,6708.393227294922
310,ails2_eoh_acc,2959560.0,6807.367227294922
311,ails2_eoh_acc_large,2959485.0,6811.250227294922
312,ails2_eoh_acc_large,2959479.0,6869.1482272949215
313,ails2_eoh_acc_large,2959477.0,6971.064227294922
314,ails2_eoh_acc,2959559.0,7022.790227294922
315,ails2_eoh_omega2,2959459.0,7046.475227294922
316,ails2_eoh_acc,2959558.0,7033.790227294922
317,ails2_eoh_omega2,2959420.0,7073.785227294922
318,ails2_eoh_acc,2959419.0,7402.719227294921
319,ails2_eoh_acc_large,2959418.0,7427.375227294922
320,ails2_etaMax0.005_stoppingTime86400.00,2959416.0,7455.610227294922
321,ails2_eoh_acc,2959326.0,7463.408227294922
322,ails2_eoh_acc_large,2959304.0,7486.365227294922
323,ails2_etaMax0.005_stoppingTime86400.00,2959388.0,7463.262227294922
324,ails2_eoh_acc,2959277.0,7522.711227294922
325,ails2_eoh_acc_large,2959277.0,7544.542227294922
326,ails2_eoh_acc,2959258.0,7584.4072272949215
327,ails2_eoh_acc_large,2959243.0,7591.646227294922
328,ails2_eoh_acc,2959246.0,7635.883227294922
329,ails2_eoh_acc_large,2959241.0,7654.383227294922
330,ails2_eoh_acc,2959239.0,7696.095227294922
331,ails2_eoh_acc_large,2959239.0,7730.3222272949215
332,ails2_eoh_acc,2959227.0,7762.096227294922
333,ails2_eoh_acc_large,2959232.0,7790.402227294921
334,ails2_etaMax0.010_stoppingTime172800.00,2959872.0,7795.026227294922
335,ails2_eoh_acc_large,2959229.0,7844.735227294922
336,ails2_eoh_acc,2959226.0,7854.0452272949215
337,ails2_etaMax0.010_stoppingTime172800.00,2959868.0,7795.711227294922
338,ails2_eoh_acc_large,2959219.0,7895.417227294922
339,ails2_eoh_acc,2959223.0,7895.786227294921
340,ails2_etaMax0.010_stoppingTime172800.00,2959814.0,7910.213227294922
341,ails2_eoh_acc,2959212.0,7974.936227294922
342,ails2_eoh_acc_large,2959216.0,7954.262227294922
343,ails2_etaMax0.010_stoppingTime172800.00,2959784.0,7972.089227294922
344,ails2_eoh_acc,2959208.0,8005.740227294922
345,ails2_eoh_acc_large,2959215.0,8012.877227294922
346,ails2_etaMax0.010_stoppingTime172800.00,2959779.0,8010.442227294922
347,ails2_eoh_acc_large,2959213.0,8091.690227294922
348,ails2_etaMax0.010_stoppingTime172800.00,2959763.0,8068.066227294922
349,ails2_eoh_acc_large,2959212.0,8107.167227294922
350,ails2_etaMax0.010_stoppingTime172800.00,2959761.0,8167.432227294922
351,ails2_eoh_acc_large,2959210.0,8204.023227294922
352,ails2_etaMax0.010_stoppingTime172800.00,2959753.0,8176.591227294922
353,ails2_eoh_acc,2959206.0,8229.385227294923
354,ails2_eoh_omega2,2959418.0,8241.996227294921
355,ails2_eoh_acc_large,2959209.0,8258.424227294921
356,ails2_etaMax0.010_stoppingTime172800.00,2959741.0,8272.256227294922
357,ails2_eoh_acc,2959205.0,8260.989227294922
358,ails2_eoh_omega2,2959417.0,8242.086227294922
359,ails2_eoh_acc_large,2959205.0,8345.827227294922
360,ails2_eoh_acc,2959204.0,8329.811227294922
361,ails2_etaMax0.010_stoppingTime172800.00,2959738.0,8353.749227294922
362,ails2_eoh_acc_large,2959204.0,8412.950227294921
363,ails2_etaMax0.010_stoppingTime172800.00,2959736.0,8383.441227294921
364,ails2_eoh_acc,2959203.0,8473.593227294921
365,ails2_etaMax0.010_stoppingTime172800.00,2959735.0,8481.388227294921
366,ails2_etaMax0.010_stoppingTime172800.00,2959719.0,8506.078227294922
367,ails2_eoh_acc,2959199.0,8658.061227294922
368,ails2_etaMax0.010_stoppingTime172800.00,2959717.0,8690.549227294921
369,ails2_etaMax0.010_stoppingTime172800.00,2959712.0,8715.208227294921
370,ails2_eoh_acc,2959198.0,8764.140227294922
371,ails2_etaMax0.010_stoppingTime172800.00,2959701.0,8770.580227294922
372,ails2_eoh_omega2,2959415.0,8814.351227294921
373,ails2_eoh_acc,2959195.0,8768.683227294921
374,ails2_eoh_omega2,2959410.0,8815.964227294922
375,ails2_etaMax0.010_stoppingTime172800.00,2959700.0,8883.972227294922
376,ails2_eoh_acc,2959194.0,8828.075227294921
377,ails2_etaMax0.010_stoppingTime172800.00,2959698.0,8884.079227294922
378,ails2_eoh_acc,2959190.0,8941.787227294923
379,ails2_etaMax0.010_stoppingTime172800.00,2959696.0,9044.904227294923
380,ails2_eoh_acc_large,2959203.0,9088.554227294922
381,ails2_etaMax0.010_stoppingTime172800.00,2959687.0,9047.631227294922
382,ails2_eoh_acc,2959189.0,9133.218227294921
383,ails2_eoh_acc_large,2959202.0,9278.230227294922
384,ails2_eoh_acc_large,2959200.0,9349.193227294922
385,ails2_eoh_omega2,2959407.0,9367.540227294921
386,ails2_eoh_acc,2959188.0,9377.061227294922
387,ails2_eoh_acc_large,2959198.0,9350.423227294921
388,ails2_eoh_omega2,2959402.0,9406.548227294921
389,ails2_eoh_acc_large,2959195.0,9419.940227294921
390,ails2_etaMax0.010_stoppingTime172800.00,2959686.0,9495.977227294921
391,ails2_etaMax0.010_stoppingTime172800.00,2959683.0,9497.720227294922
392,ails2_eoh_acc_large,2959194.0,9764.878227294921
393,ails2_eoh_acc_large,2959192.0,9876.081227294922
394,ails2_etaMax0.010_stoppingTime172800.00,2959682.0,9879.335227294921
395,ails2_eoh_acc_large,2959191.0,9958.504227294921
396,ails2_eoh_omega2,2959401.0,10039.340227294922
397,ails2_eoh_omega2,2959396.0,10051.523227294922
398,HGS-TV,2959225.0,10124.916211366653
399,ails2_eoh_omega2,2959388.0,10142.782227294922
400,ails2_eoh_acc_large,2959190.0,10167.512227294921
401,ails2_eoh_omega2,2959360.0,10215.509227294922
402,ails2_eoh_omega2,2959358.0,10228.543227294922
403,ails2_eoh_acc,2959186.0,10323.971227294922
404,ails2_eoh_acc_large,2959189.0,10502.009227294922
405,ails2_eoh_acc,2959185.0,10539.582227294923
406,ails2_eoh_acc,2959184.0,10558.860227294921
407,ails2_eoh_acc,2959183.0,10747.643227294922
408,ails2_eoh_omega2,2959356.0,10914.520227294923
409,ails2_eoh_omega2,2959351.0,10972.651227294922
410,ails2_etaMax0.010_stoppingTime172800.00,2959680.0,10988.523227294922
411,ails2_eoh_acc_large,2959182.0,11024.729227294922
412,ails2_etaMax0.010_stoppingTime172800.00,2959663.0,11021.773227294922
413,ails2_eoh_acc_large,2959181.0,11041.759227294922
414,ails2_etaMax0.010_stoppingTime172800.00,2959653.0,11091.799227294921
415,ails2_etaMax0.010_stoppingTime172800.00,2959652.0,11402.859227294923
416,ails2_etaMax0.010_stoppingTime172800.00,2959620.0,11433.235227294921
417,ails2_eoh_acc_large,2959178.0,11513.359227294923
418,ails2_eoh_acc_large,2959177.0,11740.623227294922
419,ails2_etaMax0.010_stoppingTime172800.00,2959618.0,11909.278227294923
420,ails2_etaMax0.010_stoppingTime172800.00,2959599.0,11969.234227294923
421,ails2_eoh_acc,2959181.0,12001.228227294921
422,ails2_eoh_omega2,2959348.0,12009.724227294922
423,ails2_etaMax0.010_stoppingTime172800.00,2959571.0,12011.855227294922
424,ails2_eoh_omega2,2959346.0,12011.596227294922
425,ails2_etaMax0.010_stoppingTime172800.00,2959566.0,12508.973227294922
426,ails2_etaMax0.010_stoppingTime172800.00,2959558.0,12512.307227294921
427,ails2_eoh_omega2,2959345.0,12616.745227294921
428,ails2_eoh_omega2,2959340.0,12620.740227294922
429,ails2_eoh_omega2,2959339.0,13151.750227294922
430,ails2_eoh_omega2,2959330.0,13154.796227294923
431,ails2_eoh_omega2,2959313.0,13238.829227294922
432,ails2_eoh_acc,2959180.0,13605.213227294922
433,ails2_eoh_acc,2959179.0,13606.832227294923
434,ails2_eoh_acc,2959178.0,14143.889227294922
435,ails2_eoh_acc_large,2959176.0,14320.170227294922
436,ails2_eoh_acc_large,2959174.0,14993.480227294922
437,ails2_etaMax0.010_stoppingTime172800.00,2959557.0,15535.915227294921
438,ails2_etaMax0.010_stoppingTime172800.00,2959553.0,15538.113227294922
439,ails2_etaMax0.010_stoppingTime172800.00,2959527.0,15655.370227294921
440,ails2_etaMax0.010_stoppingTime172800.00,2959518.0,15678.895227294923
441,ails2_etaMax0.010_stoppingTime172800.00,2959516.0,16096.180227294923
442,ails2_etaMax0.010_stoppingTime172800.00,2959513.0,16096.547227294923
443,ails2_eoh_omega2,2959312.0,16395.19522729492
444,ails2_eoh_omega2,2959310.0,16395.77322729492
445,ails2_eoh_omega2,2959308.0,17237.44522729492
446,ails2_eoh_omega2,2959307.0,17314.329227294922
447,ails2_eoh_omega2,2959301.0,17315.265227294924
448,ails2_eoh_acc_large,2959172.0,17422.758227294922
449,ails2_eoh_acc_large,2959170.0,17433.389227294923
450,ails2_eoh_acc_large,2959166.0,17669.70022729492
451,ails2_etaMax0.010_stoppingTime172800.00,2959512.0,18114.656227294923
452,ails2_etaMax0.010_stoppingTime172800.00,2959510.0,18119.461227294923
453,ails2_etaMax0.010_stoppingTime172800.00,2959508.0,18248.687227294922
454,ails2_etaMax0.010_stoppingTime172800.00,2959506.0,18250.793227294922
455,ails2_eoh_acc_large,2959162.0,18819.77422729492
456,ails2_eoh_omega2,2959297.0,19114.61222729492
457,ails2_eoh_omega2,2959295.0,19116.598227294922
458,ails2_eoh_acc,2959165.0,20280.30322729492
459,ails2_eoh_omega2,2959293.0,20571.471227294922
460,ails2_eoh_omega2,2959291.0,20571.617227294922
461,ails2_eoh_acc_large,2959161.0,20662.939227294923
462,ails2_eoh_omega2,2959289.0,20686.336227294923
463,ails2_eoh_omega2,2959277.0,20693.704227294922
464,ails2_etaMax0.010_stoppingTime172800.00,2959505.0,21026.781227294923
465,ails2_eoh_acc_large,2959160.0,21258.846227294922
466,ails2_eoh_acc_large,2959159.0,21264.77222729492
467,ails2_eoh_omega2,2959275.0,22471.190227294923
468,ails2_eoh_omega2,2959272.0,22474.549227294923
469,ails2_eoh_acc,2959157.0,23047.11322729492
470,ails2_etaMax0.010_stoppingTime172800.00,2959504.0,23510.05622729492
471,ails2_eoh_acc_large,2959157.0,23658.335227294923
472,ails2_etaMax0.010_stoppingTime172800.00,2959502.0,24051.045227294922
473,ails2_etaMax0.010_stoppingTime172800.00,2959499.0,24164.17922729492
474,ails2_etaMax0.010_stoppingTime172800.00,2959487.0,24197.89922729492
475,ails2_etaMax0.010_stoppingTime172800.00,2959486.0,24469.78522729492
476,ails2_etaMax0.010_stoppingTime172800.00,2959474.0,24473.41422729492
477,ails2_eoh_omega2,2959271.0,24746.188227294922
478,ails2_eoh_omega2,2959270.0,24746.461227294923
479,ails2_eoh_omega2,2959269.0,26393.98822729492
480,ails2_eoh_omega2,2959267.0,26400.852227294923
481,ails2_etaMax0.010_stoppingTime172800.00,2959472.0,26466.762227294923
482,ails2_etaMax0.010_stoppingTime172800.00,2959471.0,26844.91622729492
483,ails2_eoh_omega2,2959264.0,26870.58822729492
484,ails2_etaMax0.010_stoppingTime172800.00,2959456.0,26852.80722729492
485,ails2_eoh_omega2,2959261.0,26982.741227294922
486,ails2_eoh_omega2,2959247.0,26998.58922729492
487,ails2_eoh_omega2,2959246.0,27965.82622729492
488,ails2_eoh_omega2,2959245.0,27966.18222729492
489,ails2_eoh_acc,2959156.0,28331.51622729492
490,ails2_eoh_omega2,2959244.0,28544.599227294922
491,ails2_eoh_omega2,2959240.0,28545.730227294924
492,ails2_etaMax0.010_stoppingTime172800.00,2959455.0,28969.066227294923
493,ails2_etaMax0.010_stoppingTime172800.00,2959439.0,28994.00122729492
494,ails2_eoh_omega2,2959239.0,29666.41122729492
495,ails2_eoh_omega2,2959225.0,29675.14122729492
496,ails2_eoh_acc,2959154.0,30038.454227294922
497,ails2_eoh_acc,2959145.0,30071.53722729492
498,ails2_eoh_omega2,2959224.0,30632.01822729492
499,ails2_eoh_omega2,2959222.0,30632.61122729492
500,ails2_eoh_omega2,2959219.0,30843.797227294923
501,ails2_eoh_omega2,2959213.0,30844.888227294923
502,ails2_eoh_acc_large,2959144.0,32987.40522729492
503,ails2_eoh_acc_large,2959141.0,34025.177227294924
504,ails2_eoh_acc_large,2959140.0,34328.73722729492
505,ails2_etaMax0.010_stoppingTime172800.00,2959438.0,34668.64622729492
506,ails2_etaMax0.010_stoppingTime172800.00,2959437.0,35261.02722729492
507,ails2_etaMax0.010_stoppingTime172800.00,2959433.0,35262.04622729492
508,ails2_etaMax0.010_stoppingTime172800.00,2959432.0,35399.68722729492
509,ails2_etaMax1.000_stoppingTime86400.00,2962781.0,36749.33622729492
510,ails2_etaMax1.000_stoppingTime86400.00,2962753.0,36754.83022729492
511,ails2_etaMax1.000_stoppingTime86400.00,2962751.0,37061.63122729492
512,ails2_etaMax1.000_stoppingTime86400.00,2962710.0,37063.681227294925
513,ails2_etaMax1.000_stoppingTime86400.00,2962695.0,38248.17022729492
514,ails2_etaMax1.000_stoppingTime86400.00,2962507.0,38255.33122729492
515,ails2_eoh_omega2,2959210.0,38848.38122729492
516,ails2_eoh_omega2,2959195.0,38893.272227294925
517,ails2_eoh_omega2,2959194.0,38908.806227294925
518,ails2_eoh_omega2,2959193.0,39066.08522729492
519,ails2_eoh_omega2,2959189.0,39067.75922729492
520,ails2_etaMax1.000_stoppingTime86400.00,2962505.0,39712.44222729492
521,ails2_etaMax1.000_stoppingTime86400.00,2962377.0,39713.50722729492
522,ails2_eoh_acc_large,2959139.0,39834.64022729492
523,ails2_etaMax1.000_stoppingTime86400.00,2962373.0,40457.700227294925
524,ails2_etaMax1.000_stoppingTime86400.00,2962306.0,40465.37722729492
525,ails2_etaMax1.000_stoppingTime86400.00,2962249.0,40533.54922729492
526,ails2_etaMax1.000_stoppingTime86400.00,2962242.0,41160.86222729492
527,ails2_etaMax1.000_stoppingTime86400.00,2962160.0,41171.03322729492
528,ails2_etaMax1.000_stoppingTime86400.00,2962159.0,41533.91722729492
529,ails2_etaMax1.000_stoppingTime86400.00,2962107.0,41533.986227294925
530,ails2_etaMax1.000_stoppingTime86400.00,2962104.0,41759.96622729492
531,ails2_etaMax1.000_stoppingTime86400.00,2962075.0,41763.63422729492
532,ails2_etaMax1.000_stoppingTime86400.00,2962066.0,41924.54522729492
533,ails2_etaMax1.000_stoppingTime86400.00,2962055.0,42106.76122729492
534,ails2_etaMax1.000_stoppingTime86400.00,2962053.0,42106.95422729492
535,ails2_eoh_omega2,2959184.0,42221.88922729492
536,ails2_etaMax1.000_stoppingTime86400.00,2961980.0,42197.93622729492
537,ails2_etaMax0.010_stoppingTime172800.00,2959430.0,42283.24222729492
538,ails2_etaMax1.000_stoppingTime86400.00,2961784.0,42249.713227294924
539,ails2_etaMax1.000_stoppingTime86400.00,2961782.0,42711.72222729492
540,ails2_etaMax1.000_stoppingTime86400.00,2961672.0,42767.71122729492
541,ails2_etaMax1.000_stoppingTime86400.00,2961667.0,42951.02522729492
542,ails2_etaMax1.000_stoppingTime86400.00,2961590.0,42971.518227294924
543,ails2_etaMax1.000_stoppingTime86400.00,2961588.0,43575.378227294925
544,ails2_etaMax1.000_stoppingTime86400.00,2961444.0,43583.02922729492
545,ails2_etaMax1.000_stoppingTime86400.00,2961442.0,43759.99722729492
546,ails2_etaMax1.000_stoppingTime86400.00,2961213.0,43766.16122729492
547,ails2_etaMax0.010_stoppingTime172800.00,2959429.0,44533.88822729492
548,ails2_etaMax0.010_stoppingTime172800.00,2959417.0,44594.33522729492
549,ails2_eoh_omega2,2959180.0,44631.31622729492
550,ails2_etaMax0.010_stoppingTime172800.00,2959406.0,44647.088227294924
551,ails2_etaMax1.000_stoppingTime86400.00,2961207.0,44715.774227294925
552,ails2_etaMax1.000_stoppingTime86400.00,2961171.0,44733.29722729492
553,ails2_etaMax1.000_stoppingTime86400.00,2961158.0,44888.49422729492
554,ails2_etaMax1.000_stoppingTime86400.00,2961144.0,44890.83222729492
555,ails2_etaMax1.000_stoppingTime86400.00,2961071.0,44969.19922729492
556,ails2_etaMax1.000_stoppingTime86400.00,2961065.0,45093.31422729492
557,ails2_etaMax1.000_stoppingTime86400.00,2961044.0,45094.060227294925
558,ails2_etaMax1.000_stoppingTime86400.00,2961040.0,45211.30322729492
559,ails2_etaMax1.000_stoppingTime86400.00,2961034.0,45505.90022729492
560,ails2_etaMax1.000_stoppingTime86400.00,2961033.0,45506.15622729492
561,ails2_etaMax1.000_stoppingTime86400.00,2961022.0,45721.70322729492
562,ails2_etaMax1.000_stoppingTime86400.00,2960956.0,45722.71022729492
563,ails2_etaMax1.000_stoppingTime86400.00,2960950.0,46130.97222729492
564,ails2_etaMax1.000_stoppingTime86400.00,2960876.0,46134.825227294925
565,ails2_etaMax1.000_stoppingTime86400.00,2960872.0,46801.16722729492
566,ails2_etaMax1.000_stoppingTime86400.00,2960869.0,47009.94422729492
567,ails2_etaMax1.000_stoppingTime86400.00,2960736.0,47030.71622729492
568,ails2_etaMax1.000_stoppingTime86400.00,2960733.0,47336.87022729492
569,ails2_etaMax1.000_stoppingTime86400.00,2960644.0,47338.53422729492
570,ails2_eoh_acc_large,2959138.0,48184.721227294925
571,ails2_eoh_omega2,2959178.0,48195.45322729492
572,ails2_eoh_omega2,2959174.0,48196.43422729492
573,ails2_etaMax1.000_stoppingTime86400.00,2960641.0,48977.092227294925
574,ails2_etaMax1.000_stoppingTime86400.00,2960579.0,48984.255227294925
575,ails2_etaMax1.000_stoppingTime86400.00,2960578.0,49154.13522729492
576,ails2_etaMax1.000_stoppingTime86400.00,2960481.0,49161.91522729492
577,ails2_etaMax0.010_stoppingTime172800.00,2959405.0,49438.56722729492
578,ails2_etaMax0.010_stoppingTime172800.00,2959395.0,49454.53622729492
579,ails2_eoh_omega2,2959173.0,49609.64822729492
580,ails2_etaMax1.000_stoppingTime86400.00,2960479.0,51470.04622729492
581,ails2_etaMax1.000_stoppingTime86400.00,2960378.0,51522.52522729492
582,ails2_eoh_omega2,2959171.0,51735.378227294925
583,ails2_etaMax1.000_stoppingTime86400.00,2960375.0,51792.435227294925
584,ails2_eoh_omega2,2959166.0,51750.28122729492
585,ails2_etaMax1.000_stoppingTime86400.00,2960303.0,51844.808227294925
586,ails2_etaMax1.000_stoppingTime86400.00,2960301.0,51982.59122729492
587,ails2_etaMax0.010_stoppingTime172800.00,2959394.0,52039.234227294924
588,ails2_etaMax1.000_stoppingTime86400.00,2960233.0,52022.66322729492
589,ails2_etaMax0.010_stoppingTime172800.00,2959375.0,52051.232227294924
590,ails2_etaMax0.010_stoppingTime172800.00,2959371.0,52141.77122729492
591,ails2_etaMax1.000_stoppingTime86400.00,2960230.0,52214.96022729492
592,ails2_etaMax1.000_stoppingTime86400.00,2960210.0,52216.45722729492
593,ails2_etaMax1.000_stoppingTime86400.00,2960197.0,52300.45322729492
594,ails2_eoh_acc,2959137.0,52651.272227294925
595,ails2_etaMax0.010_stoppingTime172800.00,2959370.0,52700.094227294925
596,ails2_etaMax0.010_stoppingTime172800.00,2959369.0,53837.90522729492
597,ails2_etaMax0.010_stoppingTime172800.00,2959361.0,53838.53622729492
598,ails2_eoh_omega2,2959164.0,53997.90822729492
599,ails2_eoh_omega2,2959148.0,54000.948227294924
600,ails2_etaMax0.010_stoppingTime172800.00,2959360.0,54454.49222729492
601,ails2_etaMax1.000_stoppingTime86400.00,2960193.0,54994.41722729492
602,ails2_etaMax1.000_stoppingTime86400.00,2960192.0,55185.37222729492
603,ails2_etaMax1.000_stoppingTime86400.00,2960042.0,55215.230227294924
604,ails2_etaMax0.010_stoppingTime172800.00,2959359.0,55340.18022729492
605,ails2_etaMax0.010_stoppingTime172800.00,2959355.0,55342.50622729492
606,ails2_etaMax1.000_stoppingTime86400.00,2960033.0,56063.19222729492
607,ails2_etaMax1.000_stoppingTime86400.00,2959950.0,56076.87222729492
608,ails2_eoh_acc_large,2959136.0,56875.33622729492
609,ails2_etaMax1.000_stoppingTime86400.00,2959949.0,57094.11622729492
610,ails2_etaMax1.000_stoppingTime86400.00,2959871.0,57116.68422729492
611,ails2_etaMax1.000_stoppingTime86400.00,2959870.0,58130.76322729492
612,ails2_etaMax1.000_stoppingTime86400.00,2959846.0,58134.73522729492
613,ails2_etaMax1.000_stoppingTime86400.00,2959840.0,58276.71622729492
614,ails2_etaMax1.000_stoppingTime86400.00,2959803.0,58313.230227294924
615,ails2_etaMax1.000_stoppingTime86400.00,2959754.0,58374.878227294925
616,ails2_etaMax1.000_stoppingTime86400.00,2959752.0,58601.39222729492
617,ails2_etaMax1.000_stoppingTime86400.00,2959732.0,58639.24022729492
618,ails2_etaMax0.010_stoppingTime172800.00,2959354.0,59000.58722729492
619,ails2_etaMax0.010_stoppingTime172800.00,2959353.0,59014.76122729492
620,ails2_eoh_omega2,2959147.0,59143.17322729492
621,ails2_eoh_omega2,2959145.0,59145.164227294925
622,ails2_eoh_omega2,2959144.0,59678.702227294925
623,ails2_eoh_omega2,2959136.0,59683.624227294924
624,ails2_etaMax0.010_stoppingTime172800.00,2959352.0,59932.57222729492
625,ails2_etaMax0.010_stoppingTime172800.00,2959347.0,59986.56822729492
626,ails2_etaMax1.000_stoppingTime86400.00,2959731.0,60578.29622729492
627,ails2_etaMax1.000_stoppingTime86400.00,2959728.0,60578.52722729492
628,ails2_etaMax1.000_stoppingTime86400.00,2959703.0,60668.643227294924
629,ails2_etaMax1.000_stoppingTime86400.00,2959700.0,60850.03222729492
630,ails2_etaMax1.000_stoppingTime86400.00,2959592.0,60910.47022729492
631,ails2_etaMax1.000_stoppingTime86400.00,2959539.0,60920.266227294924
632,ails2_eoh_omega2,2959135.0,61670.249227294924
633,ails2_eoh_omega2,2959130.0,61671.58222729492
634,ails2_etaMax1.000_stoppingTime86400.00,2959538.0,61878.29322729492
635,ails2_etaMax1.000_stoppingTime86400.00,2959497.0,61917.45522729492
636,ails2_etaMax0.010_stoppingTime172800.00,2959346.0,62052.897227294925
637,ails2_etaMax1.000_stoppingTime86400.00,2959493.0,62312.183227294925
638,ails2_etaMax1.000_stoppingTime86400.00,2959469.0,62317.72022729492
639,ails2_etaMax1.000_stoppingTime86400.00,2959468.0,62690.86422729492
640,ails2_etaMax1.000_stoppingTime86400.00,2959463.0,62691.02822729492
641,ails2_eoh_acc_large,2959135.0,62952.32822729492
642,ails2_etaMax1.000_stoppingTime86400.00,2959460.0,64210.363227294925
643,ails2_etaMax1.000_stoppingTime86400.00,2959442.0,64211.380227294925
644,ails2_etaMax1.000_stoppingTime86400.00,2959400.0,64313.48122729492
645,ails2_eoh_acc_large,2959133.0,64563.755227294925
646,ails2_eoh_acc_large,2959131.0,64602.93422729492
647,ails2_etaMax0.010_stoppingTime172800.00,2959345.0,64893.40422729492
648,ails2_etaMax0.010_stoppingTime172800.00,2959340.0,64893.80122729492
649,ails2_eoh_acc,2959127.0,65026.69722729492
650,ails2_eoh_acc,2959074.0,65085.535227294924
651,ails2_etaMax0.010_stoppingTime172800.00,2959337.0,65089.681227294925
652,ails2_eoh_acc,2959053.0,65139.71622729492
653,ails2_etaMax0.010_stoppingTime172800.00,2959330.0,65102.92222729492
654,ails2_etaMax1.000_stoppingTime86400.00,2959397.0,65181.25022729492
655,ails2_eoh_acc,2959041.0,65202.29022729492
656,ails2_etaMax1.000_stoppingTime86400.00,2959325.0,65241.448227294924
657,ails2_eoh_acc,2959039.0,65224.83722729492
658,ails2_etaMax1.000_stoppingTime86400.00,2959311.0,65242.71622729492
659,ails2_eoh_acc,2959038.0,65301.83722729492
660,ails2_eoh_acc,2959037.0,65341.715227294924
661,ails2_eoh_acc,2959036.0,65453.97322729492
662,ails2_eoh_acc,2959034.0,65529.469227294925
663,ails2_eoh_acc,2959031.0,65578.58422729492
664,ails2_eoh_acc,2959029.0,65691.36022729492
665,ails2_eoh_omega2,2959128.0,65708.67222729493
666,ails2_eoh_omega2,2959122.0,65717.59222729492
667,ails2_etaMax1.000_stoppingTime86400.00,2959309.0,65847.80122729493
668,ails2_eoh_acc,2959025.0,65887.13122729493
669,ails2_etaMax1.000_stoppingTime86400.00,2959299.0,65865.65122729492
670,ails2_eoh_acc,2959024.0,65911.82022729493
671,ails2_eoh_acc,2959022.0,65988.51822729492
672,ails2_etaMax1.000_stoppingTime86400.00,2959297.0,66177.17222729493
673,ails2_eoh_acc,2959020.0,66178.45722729492
674,ails2_etaMax1.000_stoppingTime86400.00,2959284.0,66199.47422729492
675,ails2_etaMax1.000_stoppingTime86400.00,2959181.0,66297.84722729491
676,ails2_etaMax1.000_stoppingTime86400.00,2959168.0,66300.93722729493
677,ails2_eoh_acc,2959019.0,66737.86422729492
678,ails2_etaMax1.000_stoppingTime86400.00,2959167.0,66743.67822729492
679,ails2_etaMax1.000_stoppingTime86400.00,2959134.0,66750.95322729493
680,ails2_eoh_acc,2959018.0,66840.19822729492
681,ails2_eoh_acc,2959017.0,66895.84922729492
682,ails2_eoh_acc,2959016.0,66921.53722729492
683,ails2_eoh_acc,2959015.0,67065.84522729492
684,ails2_eoh_acc,2959014.0,67159.99722729492
685,ails2_eoh_acc,2959012.0,67753.02722729492
686,ails2_eoh_acc,2959011.0,67800.69122729493
687,ails2_eoh_acc,2959010.0,69272.49922729492
688,ails2_etaMax1.000_stoppingTime86400.00,2959133.0,69619.32322729492
689,ails2_etaMax1.000_stoppingTime86400.00,2959132.0,69879.10622729492
690,ails2_etaMax1.000_stoppingTime86400.00,2959119.0,69882.07022729493
691,ails2_etaMax1.000_stoppingTime86400.00,2959117.0,70055.40222729492
692,ails2_eoh_acc_large,2959010.0,70085.04122729492
693,ails2_etaMax1.000_stoppingTime86400.00,2959108.0,70065.30522729493
694,ails2_eoh_acc_large,2959006.0,70145.74622729492
695,ails2_etaMax1.000_stoppingTime86400.00,2959105.0,70206.90522729492
696,ails2_etaMax1.000_stoppingTime86400.00,2959088.0,70210.77022729492
697,ails2_etaMax1.000_stoppingTime86400.00,2959087.0,70375.95622729493
698,ails2_etaMax1.000_stoppingTime86400.00,2959060.0,70381.30422729492
699,ails2_eoh_acc,2959009.0,70852.30222729492
700,ails2_etaMax0.010_stoppingTime172800.00,2959329.0,71268.73622729492
701,ails2_etaMax0.010_stoppingTime172800.00,2959327.0,71346.44122729493
702,ails2_etaMax0.010_stoppingTime172800.00,2959323.0,71367.87122729492
703,ails2_etaMax1.000_stoppingTime86400.00,2959059.0,71792.58222729492
704,ails2_etaMax1.000_stoppingTime86400.00,2959034.0,71812.94922729493
705,ails2_etaMax1.000_stoppingTime86400.00,2959033.0,71961.79322729493
706,ails2_etaMax1.000_stoppingTime86400.00,2958996.0,71966.49422729493
707,ails2_eoh_acc,2958993.0,72239.20622729493
708,ails2_eoh_acc_large,2958989.0,72242.13022729493
709,ails2_eoh_acc,2958809.0,72299.40822729492
710,ails2_eoh_acc_large,2958814.0,72302.33022729492
711,ails2_eoh_acc,2958756.0,72347.91322729492
712,ails2_eoh_acc_large,2958752.0,72361.34122729492
713,ails2_eoh_acc,2958740.0,72414.64322729492
714,ails2_eoh_acc_large,2958730.0,72422.74722729492
715,ails2_eoh_acc,2958720.0,72482.09222729492
716,ails2_eoh_acc_large,2958725.0,72473.00522729493
717,ails2_eoh_acc,2958713.0,72536.26422729492
718,ails2_eoh_acc_large,2958711.0,72507.41022729492
719,ails2_eoh_acc,2958710.0,72566.94422729492
720,ails2_eoh_acc_large,2958706.0,72600.80322729492
721,ails2_eoh_acc,2958709.0,72666.94322729492
722,ails2_eoh_acc_large,2958698.0,72664.56322729492
723,ails2_etaMax1.000_stoppingTime86400.00,2958994.0,72688.36722729492
724,ails2_eoh_acc,2958706.0,72711.04122729492
725,ails2_eoh_acc_large,2958695.0,72702.66022729492
726,ails2_etaMax1.000_stoppingTime86400.00,2958991.0,72688.39822729492
727,ails2_eoh_acc,2958700.0,72782.02622729492
728,ails2_eoh_acc_large,2958694.0,72739.63122729493
729,ails2_eoh_acc,2958693.0,72844.91122729493
730,ails2_eoh_acc_large,2958685.0,72818.87222729492
731,ails2_etaMax1.000_stoppingTime86400.00,2958990.0,72915.20322729493
732,ails2_eoh_acc_large,2958684.0,72938.20622729493
733,ails2_eoh_acc,2958691.0,72956.87622729492
734,ails2_etaMax1.000_stoppingTime86400.00,2958988.0,72915.83822729492
735,ails2_eoh_acc,2958687.0,73016.02022729492
736,ails2_eoh_acc_large,2958683.0,73054.87622729492
737,ails2_etaMax1.000_stoppingTime86400.00,2958985.0,73075.49522729492
738,ails2_eoh_acc,2958686.0,73074.00322729492
739,ails2_eoh_acc_large,2958678.0,73115.56522729492
740,ails2_etaMax1.000_stoppingTime86400.00,2958940.0,73095.53122729492
741,ails2_eoh_acc,2958685.0,73147.96622729492
742,ails2_eoh_acc_large,2958676.0,73154.71122729492
743,ails2_eoh_acc,2958683.0,73184.99122729492
744,ails2_eoh_acc_large,2958675.0,73295.79222729492
745,ails2_eoh_acc,2958681.0,73331.57322729492
746,ails2_eoh_acc,2958680.0,73415.94322729492
747,ails2_eoh_acc,2958679.0,73432.29122729492
748,ails2_eoh_acc,2958677.0,73577.77022729492
749,ails2_eoh_acc,2958674.0,73614.31722729492
750,ails2_etaMax1.000_stoppingTime86400.00,2958935.0,73718.27922729492
751,ails2_etaMax1.000_stoppingTime86400.00,2958917.0,73722.06522729492
752,ails2_eoh_acc_large,2958669.0,73885.32122729492
753,ails2_eoh_acc_large,2958666.0,74034.83522729493
754,ails2_eoh_omega2,2959121.0,74197.14722729492
755,ails2_eoh_acc_large,2958663.0,74217.84922729492
756,ails2_eoh_omega2,2959116.0,74228.93222729492
757,ails2_eoh_acc_large,2958661.0,74219.24022729493
758,ails2_eoh_acc,2958673.0,74582.19022729492
759,ails2_eoh_acc,2958672.0,74625.48022729492
760,ails2_eoh_acc_large,2958660.0,74703.50822729492
761,ails2_eoh_acc,2958671.0,75044.55322729492
762,ails2_etaMax1.000_stoppingTime86400.00,2958915.0,75067.23422729492
763,ails2_etaMax1.000_stoppingTime86400.00,2958878.0,75074.65522729492
764,ails2_eoh_acc,2958670.0,75274.39222729493
765,ails2_etaMax0.005_stoppingTime86400.00,2958995.0,75365.74022729493
766,ails2_etaMax0.005_stoppingTime86400.00,2958989.0,75366.55122729493
767,ails2_etaMax0.005_stoppingTime86400.00,2958984.0,75487.46522729492
768,ails2_etaMax0.005_stoppingTime86400.00,2958978.0,75521.19622729492
769,ails2_etaMax1.000_stoppingTime86400.00,2958877.0,75970.56322729492
770,ails2_etaMax1.000_stoppingTime86400.00,2958873.0,75973.90422729492
771,ails2_etaMax1.000_stoppingTime86400.00,2958860.0,76079.79522729492
772,ails2_eoh_omega2,2959114.0,76124.83722729492
773,ails2_eoh_omega2,2959109.0,76127.31122729492
774,ails2_etaMax1.000_stoppingTime86400.00,2958858.0,76204.26422729492
775,ails2_etaMax1.000_stoppingTime86400.00,2958850.0,76212.95422729492
776,ails2_eoh_acc_large,2958659.0,76309.48122729492
777,ails2_eoh_acc_large,2958657.0,76319.39922729493
778,ails2_eoh_acc_large,2958656.0,77003.28722729492
779,ails2_etaMax1.000_stoppingTime86400.00,2958848.0,77399.09122729492
780,ails2_etaMax1.000_stoppingTime86400.00,2958847.0,77399.45922729492
781,ails2_etaMax1.000_stoppingTime86400.00,2958845.0,77869.34522729492
782,ails2_etaMax1.000_stoppingTime86400.00,2958817.0,77877.78622729493
783,ails2_etaMax1.000_stoppingTime86400.00,2958816.0,78216.27922729492
784,ails2_etaMax1.000_stoppingTime86400.00,2958815.0,78949.68222729492
785,ails2_etaMax1.000_stoppingTime86400.00,2958808.0,78964.45622729493
786,ails2_eoh_omega2,2959108.0,79201.57422729493
787,ails2_etaMax1.000_stoppingTime86400.00,2958807.0,79519.12422729492
788,ails2_etaMax1.000_stoppingTime86400.00,2958802.0,79519.34422729492
789,ails2_etaMax1.000_stoppingTime86400.00,2958801.0,79913.25222729493
790,ails2_etaMax1.000_stoppingTime86400.00,2958792.0,79918.18222729492
791,ails2_etaMax1.000_stoppingTime86400.00,2958791.0,80341.94622729492
792,ails2_etaMax1.000_stoppingTime86400.00,2958783.0,80345.46022729493
793,ails2_etaMax1.000_stoppingTime86400.00,2958782.0,80793.24622729492
794,ails2_etaMax1.000_stoppingTime86400.00,2958769.0,80849.41722729492
795,ails2_etaMax1.000_stoppingTime86400.00,2958748.0,80896.75322729492
796,ails2_eoh_omega2,2959106.0,81056.36922729493
797,ails2_etaMax1.000_stoppingTime86400.00,2958747.0,81953.54022729493
798,ails2_etaMax1.000_stoppingTime86400.00,2958734.0,81955.77822729493
799,ails2_etaMax1.000_stoppingTime86400.00,2958733.0,82212.74622729492
800,ails2_etaMax1.000_stoppingTime86400.00,2958723.0,82273.44022729492
801,ails2_etaMax1.000_stoppingTime86400.00,2958714.0,82281.91322729492
802,ails2_etaMax0.010_stoppingTime172800.00,2959322.0,82433.94722729492
803,ails2_etaMax0.010_stoppingTime172800.00,2959320.0,82435.85822729493
804,ails2_etaMax1.000_stoppingTime86400.00,2958713.0,82542.43922729492
805,ails2_eoh_omega2,2959104.0,82588.43122729492
806,ails2_etaMax1.000_stoppingTime86400.00,2958702.0,82553.27022729492
807,ails2_eoh_omega2,2959103.0,83360.70022729492
808,ails2_eoh_omega2,2959101.0,83361.37122729492
809,ails2_eoh_omega2,2959091.0,83480.49622729492
810,ails2_etaMax0.010_stoppingTime172800.00,2959319.0,84893.01022729492
811,ails2_etaMax0.010_stoppingTime172800.00,2959309.0,84899.13422729493
812,ails2_etaMax1.000_stoppingTime86400.00,2958701.0,85265.82422729493
813,ails2_etaMax1.000_stoppingTime86400.00,2958692.0,85268.28622729493
814,ails2_eoh_omega2,2959089.0,85386.58722729492
815,ails2_eoh_omega2,2959084.0,85412.88122729493
816,ails2_etaMax1.000_stoppingTime86400.00,2958691.0,85577.34822729492
817,ails2_etaMax1.000_stoppingTime86400.00,2958678.0,85600.98222729492
818,ails2_eoh_omega2,2959083.0,86427.69822729492
819,ails2_eoh_omega2,2959078.0,86429.45822729492
820,ails2_eoh_omega2,2959077.0,87313.24522729492
821,ails2_etaMax0.010_stoppingTime172800.00,2959308.0,90003.88722729492
822,ails2_etaMax0.010_stoppingTime172800.00,2959300.0,90005.75622729493
823,ails2_eoh_omega2,2959076.0,92120.84022729492
824,ails2_eoh_omega2,2959074.0,92169.12122729492
825,ails2_eoh_omega2,2959073.0,92831.01122729492
826,ails2_eoh_omega2,2959070.0,92831.26822729492
827,ails2_eoh_omega2,2959069.0,93428.59922729492
828,ails2_etaMax0.010_stoppingTime172800.00,2959298.0,93568.27422729493
829,ails2_etaMax0.010_stoppingTime172800.00,2959297.0,93760.00822729492
830,ails2_etaMax0.010_stoppingTime172800.00,2959289.0,93761.20522729492
831,ails2_eoh_omega2,2959068.0,97312.81922729492
832,ails2_eoh_omega2,2959067.0,98342.05322729492
833,ails2_eoh_omega2,2959064.0,98451.51922729492
834,ails2_eoh_omega2,2959062.0,98452.06422729492
835,ails2_eoh_omega2,2959061.0,98711.04322729493
836,ails2_etaMax0.010_stoppingTime172800.00,2959288.0,100103.60422729493
837,ails2_eoh_omega2,2959058.0,103318.48822729492
838,ails2_eoh_omega2,2959055.0,103326.97422729492
839,ails2_eoh_omega2,2959054.0,105037.34822729492
840,ails2_eoh_omega2,2959051.0,105042.71422729493
841,ails2_etaMax0.010_stoppingTime172800.00,2959285.0,108803.02422729493
842,ails2_etaMax0.010_stoppingTime172800.00,2959283.0,110469.71422729493
843,ails2_etaMax0.010_stoppingTime172800.00,2959282.0,110558.60322729492
844,ails2_etaMax0.010_stoppingTime172800.00,2959280.0,110559.60222729492
845,ails2_etaMax0.010_stoppingTime172800.00,2959279.0,112852.76522729492
846,ails2_etaMax0.010_stoppingTime172800.00,2959277.0,113577.07122729492
847,ails2_etaMax0.010_stoppingTime172800.00,2959275.0,113577.54322729493
848,ails2_eoh_omega2,2959050.0,114157.77322729492
849,ails2_eoh_omega2,2959047.0,114158.68222729492
850,ails2_etaMax0.010_stoppingTime172800.00,2959274.0,116571.30822729493
851,ails2_etaMax0.010_stoppingTime172800.00,2959265.0,116582.97922729493
852,ails2_eoh_omega2,2959046.0,118737.72322729492
853,ails2_eoh_omega2,2959043.0,118757.77422729493
854,ails2_eoh_omega2,2959042.0,119372.41022729492
855,ails2_eoh_omega2,2959041.0,123177.68322729493
856,ails2_eoh_omega2,2959040.0,123177.70122729492
857,ails2_eoh_omega2,2959039.0,124782.07222729492
858,ails2_eoh_omega2,2959037.0,124782.40122729492
859,ails2_eoh_omega2,2959035.0,131201.93222729492
860,ails2_eoh_omega2,2959034.0,132403.86022729494
861,ails2_eoh_omega2,2959033.0,133282.60622729492
862,ails2_eoh_omega2,2959031.0,133285.69622729492
863,ails2_eoh_omega2,2959030.0,137697.04422729491
864,ails2_eoh_omega2,2959027.0,137699.91822729493
865,ails2_eoh_omega2,2959026.0,138363.20622729493
866,HGS-TV,2958656.0,142587.52398204803
867,HGS-TV,2958656.0,142647.53930354118
868,HGS-TV,2958656.0,142709.00781297684
869,HGS-TV,2958656.0,142770.1402783394
870,HGS-TV,2958656.0,142836.92870759964
871,HGS-TV,2958656.0,142897.92866396904
872,HGS-TV,2958656.0,142961.96625185013
873,HGS-TV,2958656.0,143103.27336525917
874,HGS-TV,2958656.0,143166.47272920609
875,HGS-TV,2958656.0,143227.30460119247
876,ails2_etaMax0.020_stoppingTime86400.00,2958655.0,143269.0122272949
877,ails2_etaMax0.020_stoppingTime86400.00,2958654.0,143269.39422729492
878,HGS-TV,2958656.0,143385.61077857018
879,ails2_etaMax0.020_stoppingTime86400.00,2958647.0,143374.9902272949
880,HGS-TV,2958656.0,143580.56109642982
881,ails2_etaMax0.010_stoppingTime172800.00,2959264.0,143697.15222729492
882,HGS-TV,2958656.0,143928.90381741524
883,ails2_etaMax0.010_stoppingTime172800.00,2959263.0,144486.79522729493
884,ails2_etaMax0.010_stoppingTime172800.00,2959262.0,144487.27922729493
885,ails2_etaMax0.010_stoppingTime172800.00,2959261.0,145323.3952272949
886,ails2_eoh_omega2,2959024.0,146193.68122729493
887,ails2_eoh_omega2,2959023.0,146537.73822729493
888,ails2_eoh_omega2,2959022.0,147390.93222729492
889,ails2_eoh_omega2,2959021.0,148720.27322729494
890,ails2_eoh_omega2,2959018.0,148729.3052272949
891,ails2_eoh_omega2,2959017.0,148900.68122729493
892,ails2_eoh_omega2,2959015.0,148900.8952272949
893,ails2_etaMax0.010_stoppingTime172800.00,2959260.0,151778.40522729492
894,ails2_eoh_omega2,2959014.0,154746.3052272949
895,ails2_eoh_omega2,2959012.0,163724.54122729492
896,ails2_eoh_omega2,2959008.0,163725.13222729493
897,ails2_etaMax1.000_stoppingTime432000.00,2962783.0,166100.2432272949
898,ails2_etaMax1.000_stoppingTime432000.00,2962696.0,166100.73122729492
899,ails2_etaMax0.010_stoppingTime172800.00,2959258.0,166946.5392272949
900,ails2_etaMax0.010_stoppingTime172800.00,2959255.0,166950.3052272949
901,ails2_etaMax1.000_stoppingTime432000.00,2962675.0,168665.72022729492
902,ails2_etaMax1.000_stoppingTime432000.00,2962485.0,168679.0092272949
903,ails2_etaMax1.000_stoppingTime432000.00,2962481.0,170680.7482272949
904,ails2_etaMax1.000_stoppingTime432000.00,2962307.0,170696.1722272949
905,ails2_etaMax1.000_stoppingTime432000.00,2962272.0,173906.4982272949
906,ails2_etaMax1.000_stoppingTime432000.00,2962201.0,173908.82322729492
907,ails2_etaMax1.000_stoppingTime432000.00,2962189.0,178229.15722729493
908,ails2_etaMax1.000_stoppingTime432000.00,2962110.0,178237.70622729493
909,HGS-TV,2958620.0,178948.78806495667
910,ails2_etaMax1.000_stoppingTime432000.00,2962106.0,179285.57922729492
911,ails2_etaMax1.000_stoppingTime432000.00,2962062.0,179287.09022729492
912,ails2_etaMax1.000_stoppingTime432000.00,2962057.0,179778.14122729492
913,ails2_etaMax1.000_stoppingTime432000.00,2962018.0,179778.84722729493
914,ails2_etaMax1.000_stoppingTime432000.00,2961960.0,179896.76622729492
915,ails2_etaMax1.000_stoppingTime432000.00,2961956.0,181378.60922729492
916,ails2_etaMax1.000_stoppingTime432000.00,2961889.0,181383.58922729493
917,ails2_etaMax1.000_stoppingTime432000.00,2961878.0,186383.24922729493
918,ails2_etaMax1.000_stoppingTime432000.00,2961855.0,186383.66722729494
919,ails2_etaMax1.000_stoppingTime432000.00,2961780.0,186458.83322729493
920,ails2_etaMax1.000_stoppingTime432000.00,2961779.0,186814.6752272949
921,ails2_etaMax1.000_stoppingTime432000.00,2961772.0,186882.5852272949
922,ails2_etaMax1.000_stoppingTime432000.00,2961550.0,186922.3542272949
923,ails2_etaMax1.000_stoppingTime432000.00,2961540.0,194339.9362272949
924,ails2_etaMax1.000_stoppingTime432000.00,2961368.0,194354.08622729493
925,ails2_etaMax1.000_stoppingTime432000.00,2961322.0,195688.14122729492
926,ails2_etaMax1.000_stoppingTime432000.00,2961262.0,195691.0612272949
927,ails2_etaMax1.000_stoppingTime432000.00,2961260.0,196612.02722729492
928,ails2_etaMax1.000_stoppingTime432000.00,2961176.0,196633.7322272949
929,ails2_etaMax1.000_stoppingTime432000.00,2961159.0,197822.23922729492
930,ails2_etaMax1.000_stoppingTime432000.00,2961122.0,197846.13822729493
931,ails2_etaMax1.000_stoppingTime432000.00,2961119.0,198063.01622729492
932,ails2_etaMax1.000_stoppingTime432000.00,2961111.0,199396.47622729492
933,ails2_etaMax1.000_stoppingTime432000.00,2960973.0,199400.5932272949
934,HGS-TV,2958617.0,203077.54965305328
935,HGS-TV,2958615.0,204241.88312077522
936,HGS-TV,2958614.0,205803.63037395477
937,ails2_etaMax1.000_stoppingTime432000.00,2960966.0,206185.11022729494
938,ails2_etaMax1.000_stoppingTime432000.00,2960809.0,206200.64822729494
939,ails2_etaMax1.000_stoppingTime432000.00,2960805.0,207001.27522729491
940,ails2_etaMax1.000_stoppingTime432000.00,2960722.0,207017.5122272949
941,ails2_etaMax1.000_stoppingTime432000.00,2960709.0,212015.22822729492
942,ails2_etaMax1.000_stoppingTime432000.00,2960678.0,212020.11022729494
943,ails2_etaMax1.000_stoppingTime432000.00,2960555.0,212136.2432272949
944,ails2_etaMax1.000_stoppingTime432000.00,2960550.0,212153.3242272949
945,HGS-TV,2958613.0,212997.85358023643
946,ails2_etaMax1.000_stoppingTime432000.00,2960547.0,213170.58422729492
947,ails2_etaMax1.000_stoppingTime432000.00,2960507.0,213171.4682272949
948,ails2_etaMax1.000_stoppingTime432000.00,2960502.0,216556.2182272949
949,ails2_etaMax1.000_stoppingTime432000.00,2960494.0,216556.51822729493
950,ails2_etaMax1.000_stoppingTime432000.00,2960477.0,216739.70422729492
951,ails2_etaMax1.000_stoppingTime432000.00,2960296.0,216774.5962272949
952,ails2_etaMax1.000_stoppingTime432000.00,2960291.0,219375.99522729492
953,ails2_etaMax1.000_stoppingTime432000.00,2960138.0,219436.43422729493
954,ails2_etaMax1.000_stoppingTime432000.00,2960102.0,219452.4822272949
955,HGS-TV,2958612.0,219587.58041405678
956,ails2_etaMax0.005_stoppingTime86400.00,2958611.0,223429.4252272949
957,ails2_etaMax0.005_stoppingTime86400.00,2958610.0,223429.87122729493
958,ails2_etaMax1.000_stoppingTime432000.00,2960100.0,232352.35222729493
959,ails2_etaMax1.000_stoppingTime432000.00,2959977.0,232365.15222729492
960,ails2_etaMax1.000_stoppingTime432000.00,2959972.0,235499.1422272949
961,ails2_etaMax1.000_stoppingTime432000.00,2959927.0,235499.5392272949
962,ails2_etaMax1.000_stoppingTime432000.00,2959918.0,238190.68722729493
963,ails2_etaMax1.000_stoppingTime432000.00,2959908.0,238190.8842272949
964,ails2_etaMax1.000_stoppingTime432000.00,2959907.0,239538.02622729493
965,ails2_etaMax1.000_stoppingTime432000.00,2959886.0,240138.17922729492
966,ails2_etaMax1.000_stoppingTime432000.00,2959833.0,240141.61922729493
967,ails2_etaMax1.000_stoppingTime432000.00,2959832.0,242632.28722729493
968,ails2_etaMax1.000_stoppingTime432000.00,2959815.0,242633.21522729492
969,ails2_etaMax1.000_stoppingTime432000.00,2959814.0,243805.66922729491
970,ails2_etaMax1.000_stoppingTime432000.00,2959754.0,243866.32922729492
971,ails2_etaMax1.000_stoppingTime432000.00,2959728.0,243867.6612272949
972,ails2_etaMax1.000_stoppingTime432000.00,2959726.0,248080.08422729492
973,ails2_etaMax1.000_stoppingTime432000.00,2959708.0,248083.83622729493
974,ails2_etaMax1.000_stoppingTime432000.00,2959703.0,248266.17322729493
975,ails2_etaMax1.000_stoppingTime432000.00,2959699.0,248276.51822729493
976,ails2_etaMax1.000_stoppingTime432000.00,2959698.0,248786.63822729493
977,ails2_etaMax1.000_stoppingTime432000.00,2959592.0,248831.13322729492
978,ails2_etaMax1.000_stoppingTime432000.00,2959590.0,253179.83422729492
979,ails2_etaMax1.000_stoppingTime432000.00,2959545.0,253239.32822729493
980,ails2_etaMax1.000_stoppingTime432000.00,2959544.0,253422.86022729494
981,ails2_etaMax1.000_stoppingTime432000.00,2959513.0,253428.44522729493
982,ails2_etaMax1.000_stoppingTime432000.00,2959504.0,253524.47222729493
983,ails2_etaMax1.000_stoppingTime432000.00,2959492.0,253591.7562272949
984,ails2_etaMax1.000_stoppingTime432000.00,2959489.0,253615.01022729493
985,ails2_etaMax1.000_stoppingTime432000.00,2959487.0,255103.58322729493
986,ails2_etaMax1.000_stoppingTime432000.00,2959476.0,255104.10622729492
987,ails2_etaMax1.000_stoppingTime432000.00,2959468.0,255781.19522729493
988,ails2_etaMax1.000_stoppingTime432000.00,2959429.0,255802.9602272949
989,ails2_etaMax1.000_stoppingTime432000.00,2959426.0,255852.96422729493
990,ails2_etaMax1.000_stoppingTime432000.00,2959422.0,256533.98422729492
991,ails2_etaMax1.000_stoppingTime432000.00,2959378.0,256538.60622729492
992,ails2_etaMax1.000_stoppingTime432000.00,2959338.0,256639.20822729493
993,ails2_etaMax1.000_stoppingTime432000.00,2959336.0,264880.79822729493
994,ails2_etaMax1.000_stoppingTime432000.00,2959335.0,265240.2552272949
995,ails2_etaMax1.000_stoppingTime432000.00,2959327.0,265472.05222729495
996,ails2_etaMax1.000_stoppingTime432000.00,2959297.0,265474.0272272949
