Instance File Name,n (from file),k (Vehicles),n (raw script arg),Depot Positioning,Customer Positioning,Demand Distribution,Average Route Size,Seed,Mahdi_baseline,AILSII_perturbation2_5d,AILSII_deco_5d
XLTEST-n1048-k139,1048,139,1047,2,3,3,2,423796,0.0,-0.001611058304200029,-0.025776932867200463
XLTEST-n1094-k9,1094,9,1093,1,2,4,7,730929,0.0,0.0,0.016631555604834238
XLTEST-n1141-k75,1141,75,1140,3,1,5,4,610871,0.0,-0.042125580184127084,-0.048252937301818295
XLTEST-n1188-k72,1188,72,1187,3,1,7,5,602976,0.0,0.021759979368315856,0.05319106067810544
XLTEST-n1234-k252,1234,252,1233,1,3,2,1,725786,0.0,-0.014732965009208102,-0.0018416206261510127
XLTEST-n1281-k42,1281,42,1280,2,2,1,6,344721,0.0,-0.03067313590987675,-0.033461602810774635
XLTEST-n1328-k115,1328,115,1327,3,3,6,3,904552,0.0,0.05368826586901243,0.06017805624878316
XLTEST-n1374-k71,1374,71,1373,1,1,5,5,254997,0.0,0.0013927770581762978,-0.009749439407234084
XLTEST-n1421-k12,1421,12,1420,2,2,4,7,751691,0.0,0.0767321146468066,0.2031144211238998
XLTEST-n1468-k47,1468,47,1467,1,2,2,6,285902,0.0,0.026046362525295026,-0.010017831740498086
XLTEST-n1514-k125,1514,125,1513,2,1,3,4,206576,0.0,-0.018476807207714507,0.007038783698176955
XLTEST-n1561-k156,1561,156,1560,3,3,1,3,359172,0.0,0.003952654387087037,0.0010779966510237374
XLTEST-n1608-k488,1608,488,1607,2,1,7,1,563931,0.0,0.013223810793715164,0.01454619187308668
XLTEST-n1654-k322,1654,322,1653,3,3,6,2,401357,0.0,0.07341703874621677,0.08510383266908393
XLTEST-n1701-k10,1701,10,1700,1,2,1,7,796031,0.0,-0.1146022347435775,0.009550186228631458
XLTEST-n1748-k293,1748,293,1747,3,3,4,2,351199,0.0,0.09010598872637055,0.08117843684795134
XLTEST-n1794-k405,1794,405,1793,2,2,3,1,447108,0.0,0.009173766004502582,0.015868135791572036
XLTEST-n1841-k37,1841,37,1840,1,1,7,6,467319,0.0,0.03408499721938181,0.04126078610767271
XLTEST-n1888-k206,1888,206,1887,2,3,6,3,294749,0.0,0.023296656033833914,0.04659331206766783
XLTEST-n1934-k107,1934,107,1933,3,2,2,5,750986,0.0,0.029928172386272944,0.052374301675977654
XLTEST-n1981-k146,1981,146,1980,1,1,5,4,446555,0.0,0.0502789056274428,0.051701893522559106
XLTEST-n2028-k406,2028,406,2027,1,1,1,2,654938,0.0,-0.0010487193039859723,0.0008389754431887778
XLTEST-n2074-k225,2074,225,2073,3,2,7,3,592514,0.0,0.06465780163474442,0.07661339514456508
XLTEST-n2121-k107,2121,107,2120,2,3,3,5,444879,0.0,0.03283634162108914,-0.03386247729674818
XLTEST-n2168-k625,2168,625,2167,2,2,6,1,743272,0.0,0.008491591437456598,0.031135835270674192
XLTEST-n2214-k61,2214,61,2213,1,3,5,6,280849,0.0,0.06172376114572647,0.028359565931820267
XLTEST-n2261-k168,2261,168,2260,3,1,2,4,235109,0.0,0.03412411223989251,0.07358011701726823
XLTEST-n2307-k13,2307,13,2306,3,1,4,7,887448,0.0,0.10625274293765735,0.057746055944379
XLTEST-n2354-k217,2354,217,2353,2,3,2,3,219096,0.0,-0.004968038949425363,0.02484019474712682
XLTEST-n2401-k16,2401,16,2400,1,2,4,7,226681,0.0,-0.021692646192940594,-0.021692646192940594
XLTEST-n2447-k199,2447,199,2446,3,1,3,4,607494,0.0,0.012512283400167239,0.16937359236811747
XLTEST-n2494-k624,2494,624,2493,2,2,1,1,309234,0.0,-0.00037147378509498586,0.010772739767754589
XLTEST-n2541-k92,2541,92,2540,1,3,7,6,579698,0.0,0.06765067650676507,0.3400105429625725
XLTEST-n2587-k114,2587,114,2586,3,1,6,5,138797,0.0,0.14135223532567762,0.08718440791985226
XLTEST-n2634-k380,2634,380,2633,2,3,5,2,528239,0.0,0.008346522900385796,0.19815263626471463
XLTEST-n2681-k15,2681,15,2680,1,2,2,7,989176,0.0,-0.18597465022460016,-0.03719493004492003
XLTEST-n2727-k175,2727,175,2726,1,1,3,4,467077,0.0,-0.013560547846132984,-0.011094993692290623
XLTEST-n2774-k349,2774,349,2773,2,2,5,2,350582,0.0,0.019913230546242767,0.016648766522268543
XLTEST-n2821-k336,2821,336,2820,3,3,4,3,422893,0.0,0.09304957746785437,0.0926868110839641
XLTEST-n2867-k169,2867,169,2866,2,2,6,5,395262,0.0,-0.0013805766668737532,0.006902883334368766
XLTEST-n2914-k852,2914,852,2913,1,1,7,1,599414,0.0,-0.007638868259229238,-0.008572507713135034
XLTEST-n2961-k73,2961,73,2960,3,3,1,6,473838,0.0,0.052897653085138434,0.056245605812045935
XLTEST-n3007-k152,3007,152,3006,3,1,7,5,606624,0.0,0.03605668110269344,0.05007872375374088
XLTEST-n3054-k306,3054,306,3053,1,2,1,3,351106,0.0,0.013064870781032766,0.01429740576037548
XLTEST-n3101-k685,3101,685,3100,2,3,3,1,768320,0.0,-0.006750527162877786,0.0007105818066187143
XLTEST-n3147-k215,3147,215,3146,3,3,2,4,998661,0.0,0.03036005382755489,0.08232771353237858
XLTEST-n3194-k93,3194,93,3193,2,1,6,6,701465,0.0,0.038810103213896115,0.011538138793320466
XLTEST-n3241-k628,3241,628,3240,1,2,5,2,373822,0.0,0.07446334120639148,0.2895322464672585
XLTEST-n3287-k35,3287,35,3286,3,2,4,7,798914,0.0,-0.0012657426745142713,-0.0025314853490285426
XLTEST-n3334-k1011,3334,1011,3333,1,3,4,1,492479,0.0,0.14048255169532897,0.15916790501970768
XLTEST-n3408-k627,3408,627,3407,2,1,7,2,843149,0.0,-0.016345459383434065,-0.006272094879689816
XLTEST-n3484-k291,3484,291,3483,3,3,5,3,847657,0.0,0.08389735908776193,0.0720634158059092
XLTEST-n3561-k54,3561,54,3560,1,2,2,7,734277,0.0,-0.02836164245422746,0.04254246368134119
XLTEST-n3640-k144,3640,144,3639,2,1,3,6,179118,0.0,0.010853677949667876,0.03617892649889293
XLTEST-n3721-k197,3721,197,3720,1,2,6,5,947922,0.0,0.10355761998888835,0.09713251217935878
XLTEST-n3804-k254,3804,254,3803,3,3,1,4,886048,0.0,0.01656017256990221,0.029249135967619484
XLTEST-n3888-k548,3888,548,3887,2,1,5,2,208136,0.0,0.022700575007768887,0.05267414977530838
XLTEST-n3975-k489,3975,489,3974,2,2,2,3,465619,0.0,0.048324703921918705,0.05260965303814795
XLTEST-n4063-k944,4063,944,4062,1,3,6,1,750450,0.0,0.09257302595799137,0.08806773384879596
XLTEST-n4153-k218,4153,218,4152,3,1,4,5,707633,0.0,0.14769976462967566,0.1856717268029004
XLTEST-n4245-k164,4245,164,4244,1,3,1,6,948671,0.0,-0.0015597217456405777,0.015077310207858918
XLTEST-n4340-k33,4340,33,4339,3,2,3,7,954138,0.0,0.04992582448933014,0.007132260641332876
XLTEST-n4436-k335,4436,335,4435,2,1,7,4,483857,0.0,0.05348108374068092,0.027810163545154077
XLTEST-n4535-k1092,4535,1092,4534,3,3,6,1,660658,0.0,0.08456485386270726,0.07798417068939115
XLTEST-n4635-k313,4635,313,4634,1,2,2,4,820929,0.0,0.012457711907626066,0.3130000116791049
XLTEST-n4738-k456,4738,456,4737,2,1,5,3,872480,0.0,0.07383300649573366,0.09504035942535928
XLTEST-n4844-k45,4844,45,4843,2,1,4,7,196479,0.0,-0.15688735487919672,-0.31526887504295725
XLTEST-n4951-k225,4951,225,4950,3,2,1,5,732593,0.0,0.003125463936053008,0.07943887504134728
XLTEST-n5061-k951,5061,951,5060,1,3,7,2,171510,0.0,-0.024009135476048635,-0.04261621546998633
XLTEST-n5174-k170,5174,170,5173,3,3,3,6,702001,0.0,0.04278724613444994,0.06859024189491975
XLTEST-n5288-k482,5288,482,5287,1,1,2,3,354828,0.0,0.03353721458188709,0.36632957466368976
XLTEST-n5406-k29,5406,29,5405,2,2,3,7,797541,0.0,0.011367511651699443,0.32511083323860407
XLTEST-n5526-k321,5526,321,5525,1,3,4,5,960019,0.0,0.21696595260387175,0.2018287931198807
XLTEST-n5649-k365,5649,365,5648,3,1,5,4,131566,0.0,0.11994496443216154,0.14437505619769372
XLTEST-n5774-k885,5774,885,5773,2,2,7,2,337399,0.0,0.017395751868184803,0.34390063308642266
XLTEST-n5902-k126,5902,126,5901,2,1,1,6,123789,0.0,-0.023620307368773956,0.05943174112143124
XLTEST-n6034-k1234,6034,1234,6033,1,3,6,1,947493,0.0,0.021797133273323943,0.06337314673910849
XLTEST-n6168-k554,6168,554,6167,3,2,4,3,949838,0.0,0.03578091023382825,0.06554412192833084
XLTEST-n6305-k58,6305,58,6304,3,1,6,7,637579,0.0,-0.10951658567847553,0.15656815582182057
XLTEST-n6445-k189,6445,189,6444,2,2,5,6,910033,0.0,0.05472802550801884,0.058297244562889636
XLTEST-n6588-k267,6588,267,6587,1,3,3,5,503336,0.0,0.016867673104495235,-0.006247286334998234
XLTEST-n6734-k1123,6734,1123,6733,2,1,1,2,410580,0.0,-0.0015639854370613161,0.018097545771709515
XLTEST-n6884-k434,6884,434,6883,1,3,2,4,994203,0.0,0.05430294944334393,0.50743767363724
XLTEST-n7037-k2302,7037,2302,7036,3,2,7,1,829690,0.0,-0.048683306057077824,-0.053114361458680114
XLTEST-n7193-k157,7193,157,7192,1,3,6,6,190612,0.0,0.0017559159735676115,0.006438358569747909
XLTEST-n7353-k77,7353,77,7352,2,2,1,7,298281,0.0,0.018860332947744304,0.013830910828345824
XLTEST-n7516-k1223,7516,1223,7515,3,1,4,2,523732,0.0,0.1274831732682183,0.6941681291019739
XLTEST-n7683-k1624,7683,1624,7682,1,3,2,1,529703,0.0,0.004283641309294966,0.15748331313477465
XLTEST-n7854-k395,7854,395,7853,3,1,7,5,730877,0.0,0.045116387660194726,0.029341426939846923
XLTEST-n8028-k986,8028,986,8027,2,2,5,3,621352,0.0,0.043136788242993995,0.0405337061938478
XLTEST-n8207-k649,8207,649,8206,1,3,3,4,736286,0.0,0.03239927255355931,0.010405605783624887
XLTEST-n8389-k1106,8389,1106,8388,3,1,4,2,760372,0.0,0.16766065897027693,0.17807829689462298
XLTEST-n8575-k343,8575,343,8574,2,2,5,5,939105,0.0,0.02203775802541688,0.3815556928714334
XLTEST-n8766-k154,8766,154,8765,3,2,1,7,928643,0.0,-0.00397622219129605,0.05288375514423746
XLTEST-n8960-k2144,8960,2144,8959,2,3,7,1,859376,0.0,0.017716311595909716,-0.06132178913426629
XLTEST-n9160-k364,9160,364,9159,1,1,3,6,999448,0.0,0.012968942679471483,0.18112557233702545
XLTEST-n9363-k744,9363,744,9362,1,2,2,4,745341,0.0,0.00022929652971167107,0.031528272835354774
XLTEST-n9571-k980,9571,980,9570,3,3,6,3,260198,0.0,0.11588516486061794,0.10662023416744672
XLTEST-n9784-k890,9784,890,9783,2,1,1,3,602412,0.0,0.002347592888726859,0.017814087214456754
XLTEST-n10001-k806,10001,806,10000,2,1,2,4,777357,0.0,0.050579069406061564,0.06581372886571867
